date,dailyRank,points,city,stationId,series,highF,lowF,avgF,observations,dominantCondition
2026-06-06,1,20,Phoenix,KPHX,KXHIGHPHX,104,80.6,93.4,304,Clear
2026-06-06,2,19,Las Vegas,KLAS,KXHIGHLV,100.4,82,91.7,304,Clear
2026-06-06,3,18,Austin,KAUS,KXHIGHAUS,91.4,73.4,81.3,309,Cloudy
2026-06-06,4,17,Denver,KDEN,KXHIGHDEN,91.4,57.2,75.3,298,Clear
2026-06-06,5,16,Philadelphia,KPHL,KXHIGHPHIL,91.4,69.8,79.5,308,Mostly Clear
2026-06-06,6,15,Washington DC,KDCA,KXHIGHDC,91.4,69.1,79.8,306,Clear
2026-06-06,7,14,Dallas,KDFW,KXHIGHDAL,89.6,69.8,77.8,310,Mostly Cloudy
2026-06-06,8,13,San Antonio,KSAT,KXHIGHSAT,89.6,73.4,80.8,310,Mostly Cloudy
2026-06-06,9,12,Houston,KHOU,KXHIGHHOU,88,75.2,80.7,307,Clear
2026-06-06,10,11,Boston,KBOS,KXHIGHBOS,87.8,62.1,73.1,276,Clear
2026-06-06,11,10,Chicago,KMDW,KXHIGHCHI,87.8,71.1,77.1,310,Mostly Cloudy
2026-06-06,12,9,Miami,KMIA,KXHIGHMIA,87.8,75.2,81,305,Clear
2026-06-06,13,8,Oklahoma City,KOKC,KXHIGHOKC,87.8,69.1,77.1,311,Mostly Cloudy
2026-06-06,14,7,New York,KNYC,KXHIGHNY,87.1,66,76.9,26,Clear
2026-06-06,15,6,Atlanta,KATL,KXHIGHATL,86,66.2,76.8,304,Clear
2026-06-06,16,5,Minneapolis,KMSP,KXHIGHMSP,86,64,75.7,294,Clear
2026-06-06,17,4,New Orleans,KMSY,KXHIGHMSY,86,75,79.2,309,Mostly Cloudy
2026-06-06,18,3,Los Angeles,KLAX,KXHIGHLAX,71.6,64,66.8,305,Cloudy
2026-06-06,19,2,San Francisco,KSFO,KXHIGHTSFO,63,53.1,57.5,304,Clear
2026-06-06,20,1,Seattle,KSEA,KXHIGHSEA,62.6,48.2,53.3,304,Mostly Cloudy
2026-06-05,1,20,Phoenix,KPHX,KXHIGHPHX,107.6,80.6,95.6,312,Clear
2026-06-05,2,19,Las Vegas,KLAS,KXHIGHLV,105.8,80.1,93.4,312,Clear
2026-06-05,3,18,Philadelphia,KPHL,KXHIGHPHIL,91.9,66,79.7,312,Clear
2026-06-05,4,17,Washington DC,KDCA,KXHIGHDC,91.9,64.4,78.7,312,Clear
2026-06-05,5,16,Oklahoma City,KOKC,KXHIGHOKC,89.6,71.1,77.9,320,Cloudy
2026-06-05,6,15,Boston,KBOS,KXHIGHBOS,88,66,73.9,287,Clear
2026-06-05,7,14,Austin,KAUS,KXHIGHAUS,87.8,73,78.7,320,Mostly Cloudy
2026-06-05,8,13,New Orleans,KMSY,KXHIGHMSY,87.8,75.2,80.5,259,Mostly Cloudy
2026-06-05,9,12,New York,KNYC,KXHIGHNY,87.1,66.9,77.5,24,Clear
2026-06-05,10,11,Atlanta,KATL,KXHIGHATL,86,62.6,75.2,312,Clear
2026-06-05,11,10,Dallas,KDFW,KXHIGHDAL,86,75,78.3,317,Cloudy
2026-06-05,12,9,Denver,KDEN,KXHIGHDEN,86,53.6,72,313,Clear
2026-06-05,13,8,Houston,KHOU,KXHIGHHOU,84.2,75.2,79.8,334,Mostly Cloudy
2026-06-05,14,7,Miami,KMIA,KXHIGHMIA,84.2,77,80.3,314,Mostly Cloudy
2026-06-05,15,6,Minneapolis,KMSP,KXHIGHMSP,82.9,64.4,72.1,299,Clear
2026-06-05,16,5,San Antonio,KSAT,KXHIGHSAT,82.4,73,77.3,324,Mostly Cloudy
2026-06-05,17,4,Chicago,KMDW,KXHIGHCHI,80.6,71.1,75.8,313,Mostly Cloudy
2026-06-05,18,3,Los Angeles,KLAX,KXHIGHLAX,70,62.6,65.6,317,Cloudy
2026-06-05,19,2,San Francisco,KSFO,KXHIGHTSFO,70,53.1,60.1,312,Clear
2026-06-05,20,1,Seattle,KSEA,KXHIGHSEA,62.6,51.8,56.1,314,Cloudy
2026-06-04,1,20,Phoenix,KPHX,KXHIGHPHX,108,80.6,95,308,Clear
2026-06-04,2,19,Las Vegas,KLAS,KXHIGHLV,105.8,78.8,92.4,308,Clear
2026-06-04,3,18,Oklahoma City,KOKC,KXHIGHOKC,91.4,66.2,78.8,308,Clear
2026-06-04,4,17,Philadelphia,KPHL,KXHIGHPHIL,89.6,60.8,76.9,308,Clear
2026-06-04,5,16,San Antonio,KSAT,KXHIGHSAT,89.6,73,79.2,310,Mostly Cloudy
2026-06-04,6,15,Washington DC,KDCA,KXHIGHDC,89.6,60.8,76.3,308,Clear
2026-06-04,7,14,Boston,KBOS,KXHIGHBOS,88,59,73.7,279,Clear
2026-06-04,8,13,Austin,KAUS,KXHIGHAUS,87.8,71.1,77.8,317,Clear
2026-06-04,9,12,Chicago,KMDW,KXHIGHCHI,87.8,60.8,75.7,308,Clear
2026-06-04,10,11,Dallas,KDFW,KXHIGHDAL,87.8,71.6,78.6,311,Clear
2026-06-04,11,10,Denver,KDEN,KXHIGHDEN,87.8,50,69.8,305,Clear
2026-06-04,12,9,Houston,KHOU,KXHIGHHOU,84.9,73.4,78.3,318,Mostly Cloudy
2026-06-04,13,8,New York,KNYC,KXHIGHNY,84.9,64,74.2,24,Clear
2026-06-04,14,7,Miami,KMIA,KXHIGHMIA,84.2,71.6,78.8,296,Mostly Cloudy
2026-06-04,15,6,Minneapolis,KMSP,KXHIGHMSP,84.2,66.2,74.3,303,Clear
2026-06-04,16,5,New Orleans,KMSY,KXHIGHMSY,84.2,75,79.8,308,Clear
2026-06-04,17,4,Atlanta,KATL,KXHIGHATL,82.4,60.8,72.7,308,Clear
2026-06-04,18,3,Los Angeles,KLAX,KXHIGHLAX,71.6,60.1,65,315,Cloudy
2026-06-04,19,2,Seattle,KSEA,KXHIGHSEA,68,53.1,59.6,309,Cloudy
2026-06-04,20,1,San Francisco,KSFO,KXHIGHTSFO,66.2,53.6,59.3,312,Mostly Cloudy
2026-06-03,1,20,Phoenix,KPHX,KXHIGHPHX,98.6,96.8,97.2,5,Clear
2026-06-03,2,19,Las Vegas,KLAS,KXHIGHLV,95,93.2,94.4,5,Clear
2026-06-03,3,18,Dallas,KDFW,KXHIGHDAL,78.8,75.2,76.8,5,Partly Cloudy
2026-06-03,4,17,New Orleans,KMSY,KXHIGHMSY,77,77,77,5,Mostly Clear
2026-06-03,5,16,Minneapolis,KMSP,KXHIGHMSP,75.9,75.2,75.3,5,Clear
2026-06-03,6,15,Houston,KHOU,KXHIGHHOU,75.2,75,75.2,5,Clear
2026-06-03,7,14,Miami,KMIA,KXHIGHMIA,73.9,73.4,73.5,4,Light Rain and Fog/Mist
2026-06-03,8,13,Oklahoma City,KOKC,KXHIGHOKC,73.9,73.4,73.5,5,Clear
2026-06-03,9,12,Austin,KAUS,KXHIGHAUS,73.4,73,73.3,5,Mostly Clear
2026-06-03,10,11,San Antonio,KSAT,KXHIGHSAT,73.4,73,73.3,6,Mostly Cloudy
2026-06-03,11,10,Atlanta,KATL,KXHIGHATL,69.8,68,69.1,5,Clear
2026-06-03,12,9,Philadelphia,KPHL,KXHIGHPHIL,69.8,68,68.4,5,Clear
2026-06-03,13,8,Washington DC,KDCA,KXHIGHDC,69.8,69.1,69.7,5,Clear
2026-06-03,14,7,New York,KNYC,KXHIGHNY,69.1,69.1,69.1,1,
2026-06-03,15,6,Chicago,KMDW,KXHIGHCHI,68,66.2,67.6,5,Clear
2026-06-03,16,5,Boston,KBOS,KXHIGHBOS,66.2,66,66.1,4,Clear
2026-06-03,17,4,Seattle,KSEA,KXHIGHSEA,62.6,60.8,61.6,5,Clear
2026-06-03,18,3,Denver,KDEN,KXHIGHDEN,61,60.8,60.8,5,Clear
2026-06-03,19,2,Los Angeles,KLAX,KXHIGHLAX,61,60.8,60.8,5,Cloudy
2026-06-03,20,1,San Francisco,KSFO,KXHIGHTSFO,60.8,60.1,60.7,5,Mostly Clear
