date,game_pk,game_number,match,total_line,reason,polymarket_event_slug,polymarket_market_slug
2026-03-26,823163,1,Cleveland Guardians @ Seattle Mariners,,No eligible 7.5/8.5/9.5 totals market existed by 3am ET.,mlb-cle-sea-2026-03-26,
2026-03-27,823971,1,Arizona Diamondbacks @ Los Angeles Dodgers,,No eligible 7.5/8.5/9.5 totals market existed by 3am ET.,mlb-ari-lad-2026-03-27,
2026-03-27,823162,1,Cleveland Guardians @ Seattle Mariners,,No eligible 7.5/8.5/9.5 totals market existed by 3am ET.,mlb-cle-sea-2026-03-27,
2026-03-27,823324,1,Detroit Tigers @ San Diego Padres,,No eligible 7.5/8.5/9.5 totals market existed by 3am ET.,mlb-det-sd-2026-03-27,
2026-03-27,824216,1,Los Angeles Angels @ Houston Astros,,No eligible 7.5/8.5/9.5 totals market existed by 3am ET.,mlb-laa-hou-2026-03-27,
2026-03-28,823973,1,Arizona Diamondbacks @ Los Angeles Dodgers,,No eligible 7.5/8.5/9.5 totals market existed by 3am ET.,mlb-ari-lad-2026-03-28,
2026-03-28,823161,1,Cleveland Guardians @ Seattle Mariners,,No eligible 7.5/8.5/9.5 totals market existed by 3am ET.,mlb-cle-sea-2026-03-28,
2026-03-28,823323,1,Detroit Tigers @ San Diego Padres,,No eligible 7.5/8.5/9.5 totals market existed by 3am ET.,mlb-det-sd-2026-03-28,
2026-03-30,824214,1,Boston Red Sox @ Houston Astros,,No eligible 7.5/8.5/9.5 totals market existed by 3am ET.,mlb-bos-hou-2026-03-30,
2026-03-30,823972,1,Cleveland Guardians @ Los Angeles Dodgers,,No eligible 7.5/8.5/9.5 totals market existed by 3am ET.,mlb-cle-lad-2026-03-30,
2026-03-30,825108,1,Detroit Tigers @ Arizona Diamondbacks,,No eligible 7.5/8.5/9.5 totals market existed by 3am ET.,mlb-det-ari-2026-03-30,
2026-03-30,823159,1,New York Yankees @ Seattle Mariners,,No eligible 7.5/8.5/9.5 totals market existed by 3am ET.,mlb-nyy-sea-2026-03-30,
2026-03-30,823320,1,San Francisco Giants @ San Diego Padres,,No eligible 7.5/8.5/9.5 totals market existed by 3am ET.,mlb-sf-sd-2026-03-30,
2026-03-31,824212,1,Boston Red Sox @ Houston Astros,,No eligible 7.5/8.5/9.5 totals market existed by 3am ET.,mlb-bos-hou-2026-03-31,
2026-03-31,823969,1,Cleveland Guardians @ Los Angeles Dodgers,,No eligible 7.5/8.5/9.5 totals market existed by 3am ET.,mlb-cle-lad-2026-03-31,
2026-03-31,825107,1,Detroit Tigers @ Arizona Diamondbacks,,No eligible 7.5/8.5/9.5 totals market existed by 3am ET.,mlb-det-ari-2026-03-31,
2026-03-31,823158,1,New York Yankees @ Seattle Mariners,,No eligible 7.5/8.5/9.5 totals market existed by 3am ET.,mlb-nyy-sea-2026-03-31,
2026-03-31,823322,1,San Francisco Giants @ San Diego Padres,,No eligible 7.5/8.5/9.5 totals market existed by 3am ET.,mlb-sf-sd-2026-03-31,
2026-04-01,823970,1,Cleveland Guardians @ Los Angeles Dodgers,,No eligible 7.5/8.5/9.5 totals market existed by 3am ET.,mlb-cle-lad-2026-04-01,
2026-04-01,824698,1,Los Angeles Angels @ Chicago Cubs,,No eligible 7.5/8.5/9.5 totals market existed by 3am ET.,mlb-laa-chc-2026-04-01,
2026-04-02,825105,1,Atlanta Braves @ Arizona Diamondbacks,,No eligible 7.5/8.5/9.5 totals market existed by 3am ET.,mlb-atl-ari-2026-04-02,
2026-04-02,823242,1,New York Mets @ San Francisco Giants,,No eligible 7.5/8.5/9.5 totals market existed by 3am ET.,mlb-nym-sf-2026-04-02,
2026-04-03,825103,1,Atlanta Braves @ Arizona Diamondbacks,,No eligible 7.5/8.5/9.5 totals market existed by 3am ET.,mlb-atl-ari-2026-04-03,
2026-04-03,824458,1,Chicago Cubs @ Cleveland Guardians,,No eligible 7.5/8.5/9.5 totals market existed by 3am ET.,mlb-chc-cle-2026-04-03,
2026-04-03,825026,1,Houston Astros @ Athletics,,No eligible 7.5/8.5/9.5 totals market existed by 3am ET.,mlb-hou-oak-2026-04-03,
2026-04-03,822758,1,Los Angeles Dodgers @ Washington Nationals,,No eligible 7.5/8.5/9.5 totals market existed by 3am ET.,mlb-lad-wsh-2026-04-03,
2026-04-03,823240,1,New York Mets @ San Francisco Giants,,No eligible 7.5/8.5/9.5 totals market existed by 3am ET.,mlb-nym-sf-2026-04-03,
2026-04-03,824377,1,Philadelphia Phillies @ Colorado Rockies,,No eligible 7.5/8.5/9.5 totals market existed by 3am ET.,mlb-phi-col-2026-04-03,
2026-04-03,824056,1,Seattle Mariners @ Los Angeles Angels,,No eligible 7.5/8.5/9.5 totals market existed by 3am ET.,mlb-sea-laa-2026-04-03,
2026-04-04,823239,1,New York Mets @ San Francisco Giants,,No eligible 7.5/8.5/9.5 totals market existed by 3am ET.,mlb-nym-sf-2026-04-04,
2026-04-04,824378,1,Philadelphia Phillies @ Colorado Rockies,,No eligible 7.5/8.5/9.5 totals market existed by 3am ET.,mlb-phi-col-2026-04-04,
2026-04-04,824054,1,Seattle Mariners @ Los Angeles Angels,,No eligible 7.5/8.5/9.5 totals market existed by 3am ET.,mlb-sea-laa-2026-04-04,
2026-04-04,824295,1,St. Louis Cardinals @ Detroit Tigers,,MLB game is not final yet.,,
2026-04-05,824379,1,Philadelphia Phillies @ Colorado Rockies,,No eligible 7.5/8.5/9.5 totals market existed by 3am ET.,mlb-phi-col-2026-04-05,
2026-04-06,824052,1,Atlanta Braves @ Los Angeles Angels,,No eligible 7.5/8.5/9.5 totals market existed by 3am ET.,mlb-atl-laa-2026-04-06,
2026-04-06,824376,1,Houston Astros @ Colorado Rockies,,No eligible 7.5/8.5/9.5 totals market existed by 3am ET.,mlb-hou-col-2026-04-06,
2026-04-06,823237,1,Philadelphia Phillies @ San Francisco Giants,,No eligible 7.5/8.5/9.5 totals market existed by 3am ET.,mlb-phi-sf-2026-04-06,
2026-04-06,822918,1,Seattle Mariners @ Texas Rangers,,No eligible 7.5/8.5/9.5 totals market existed by 3am ET.,mlb-sea-tex-2026-04-06,
2026-04-07,824051,1,Atlanta Braves @ Los Angeles Angels,,No eligible 7.5/8.5/9.5 totals market existed by 3am ET.,mlb-atl-laa-2026-04-07,
2026-04-07,824375,1,Houston Astros @ Colorado Rockies,,No eligible 7.5/8.5/9.5 totals market existed by 3am ET.,mlb-hou-col-2026-04-07,
2026-04-07,823235,1,Philadelphia Phillies @ San Francisco Giants,,No eligible 7.5/8.5/9.5 totals market existed by 3am ET.,mlb-phi-sf-2026-04-07,
2026-04-07,822916,1,Seattle Mariners @ Texas Rangers,,No eligible 7.5/8.5/9.5 totals market existed by 3am ET.,mlb-sea-tex-2026-04-07,
2026-04-08,824374,1,Houston Astros @ Colorado Rockies,,No eligible 7.5/8.5/9.5 totals market existed by 3am ET.,mlb-hou-col-2026-04-08,
2026-04-09,823319,1,Colorado Rockies @ San Diego Padres,,No eligible 7.5/8.5/9.5 totals market existed by 3am ET.,mlb-col-sd-2026-04-09,
2026-04-10,823076,1,Boston Red Sox @ St. Louis Cardinals,,No eligible 7.5/8.5/9.5 totals market existed by 3am ET.,mlb-bos-stl-2026-04-10,
2026-04-10,823318,1,Colorado Rockies @ San Diego Padres,,No eligible 7.5/8.5/9.5 totals market existed by 3am ET.,mlb-col-sd-2026-04-10,
2026-04-10,823156,1,Houston Astros @ Seattle Mariners,,No eligible 7.5/8.5/9.5 totals market existed by 3am ET.,mlb-hou-sea-2026-04-10,
2026-04-10,823968,1,Texas Rangers @ Los Angeles Dodgers,,No eligible 7.5/8.5/9.5 totals market existed by 3am ET.,mlb-tex-lad-2026-04-10,
2026-04-11,823316,1,Colorado Rockies @ San Diego Padres,,No eligible 7.5/8.5/9.5 totals market existed by 3am ET.,mlb-col-sd-2026-04-11,
2026-04-11,823155,1,Houston Astros @ Seattle Mariners,,No eligible 7.5/8.5/9.5 totals market existed by 3am ET.,mlb-hou-sea-2026-04-11,
2026-04-11,824697,1,Pittsburgh Pirates @ Chicago Cubs,,No eligible 7.5/8.5/9.5 totals market existed by 3am ET.,mlb-pit-chc-2026-04-11,
2026-04-11,823967,1,Texas Rangers @ Los Angeles Dodgers,,No eligible 7.5/8.5/9.5 totals market existed by 3am ET.,mlb-tex-lad-2026-04-11,
2026-04-12,823154,1,Houston Astros @ Seattle Mariners,,No eligible 7.5/8.5/9.5 totals market existed by 3am ET.,mlb-hou-sea-2026-04-12,
2026-04-12,824293,1,Miami Marlins @ Detroit Tigers,,No eligible 7.5/8.5/9.5 totals market existed by 3am ET.,mlb-mia-det-2026-04-12,
2026-04-12,824696,1,Pittsburgh Pirates @ Chicago Cubs,,No eligible 7.5/8.5/9.5 totals market existed by 3am ET.,mlb-pit-chc-2026-04-12,
2026-04-13,823964,1,New York Mets @ Los Angeles Dodgers,,No eligible 7.5/8.5/9.5 totals market existed by 3am ET.,mlb-nym-lad-2026-04-13,
2026-04-13,825024,1,Texas Rangers @ Athletics,,No eligible 7.5/8.5/9.5 totals market existed by 3am ET.,mlb-tex-oak-2026-04-13,
2026-04-14,824210,1,Colorado Rockies @ Houston Astros,,No eligible 7.5/8.5/9.5 totals market existed by 3am ET.,mlb-col-hou-2026-04-14,
2026-04-14,823965,1,New York Mets @ Los Angeles Dodgers,,No eligible 7.5/8.5/9.5 totals market existed by 3am ET.,mlb-nym-lad-2026-04-14,
2026-04-14,823315,1,Seattle Mariners @ San Diego Padres,,No eligible 7.5/8.5/9.5 totals market existed by 3am ET.,mlb-sea-sd-2026-04-14,
2026-04-14,825022,1,Texas Rangers @ Athletics,,No eligible 7.5/8.5/9.5 totals market existed by 3am ET.,mlb-tex-oak-2026-04-14,
2026-04-15,824855,1,Arizona Diamondbacks @ Baltimore Orioles,8.5,No historical price around 3am for one or both Over/Under tokens.,mlb-ari-bal-2026-04-15,mlb-ari-bal-2026-04-15-total-8pt5
2026-04-15,824855,1,Arizona Diamondbacks @ Baltimore Orioles,9.5,No historical price around 3am for one or both Over/Under tokens.,mlb-ari-bal-2026-04-15,mlb-ari-bal-2026-04-15-total-9pt5
2026-04-15,823722,1,Boston Red Sox @ Minnesota Twins,7.5,No historical price around 3am for one or both Over/Under tokens.,mlb-bos-min-2026-04-15,mlb-bos-min-2026-04-15-total-7pt5
2026-04-15,823722,1,Boston Red Sox @ Minnesota Twins,8.5,No historical price around 3am for one or both Over/Under tokens.,mlb-bos-min-2026-04-15,mlb-bos-min-2026-04-15-total-8pt5
2026-04-15,823477,1,Chicago Cubs @ Philadelphia Phillies,8.5,No historical price around 3am for one or both Over/Under tokens.,mlb-chc-phi-2026-04-15,mlb-chc-phi-2026-04-15-total-8pt5
2026-04-15,823477,1,Chicago Cubs @ Philadelphia Phillies,9.5,No historical price around 3am for one or both Over/Under tokens.,mlb-chc-phi-2026-04-15,mlb-chc-phi-2026-04-15-total-9pt5
2026-04-15,823071,1,Cleveland Guardians @ St. Louis Cardinals,8.5,No historical price around 3am for one or both Over/Under tokens.,mlb-cle-stl-2026-04-15,mlb-cle-stl-2026-04-15-total-8pt5
2026-04-15,824209,1,Colorado Rockies @ Houston Astros,,No eligible 7.5/8.5/9.5 totals market existed by 3am ET.,mlb-col-hou-2026-04-15,
2026-04-15,824291,1,Kansas City Royals @ Detroit Tigers,8.5,No historical price around 3am for one or both Over/Under tokens.,mlb-kc-det-2026-04-15,mlb-kc-det-2026-04-15-total-8pt5
2026-04-15,823561,1,Los Angeles Angels @ New York Yankees,9.5,No historical price around 3am for one or both Over/Under tokens.,mlb-laa-nyy-2026-04-15,mlb-laa-nyy-2026-04-15-total-9pt5
2026-04-15,824936,1,Miami Marlins @ Atlanta Braves,8.5,No historical price around 3am for one or both Over/Under tokens.,mlb-mia-atl-2026-04-15,mlb-mia-atl-2026-04-15-total-8pt5
2026-04-15,824936,1,Miami Marlins @ Atlanta Braves,9.5,No historical price around 3am for one or both Over/Under tokens.,mlb-mia-atl-2026-04-15,mlb-mia-atl-2026-04-15-total-9pt5
2026-04-15,823963,1,New York Mets @ Los Angeles Dodgers,,No eligible 7.5/8.5/9.5 totals market existed by 3am ET.,mlb-nym-lad-2026-04-15,
2026-04-15,824532,1,San Francisco Giants @ Cincinnati Reds,8.5,No historical price around 3am for one or both Over/Under tokens.,mlb-sf-cin-2026-04-15,mlb-sf-cin-2026-04-15-total-8pt5
2026-04-15,824532,1,San Francisco Giants @ Cincinnati Reds,9.5,No historical price around 3am for one or both Over/Under tokens.,mlb-sf-cin-2026-04-15,mlb-sf-cin-2026-04-15-total-9pt5
2026-04-15,823314,1,Seattle Mariners @ San Diego Padres,,No eligible 7.5/8.5/9.5 totals market existed by 3am ET.,mlb-sea-sd-2026-04-15,
2026-04-15,824615,1,Tampa Bay Rays @ Chicago White Sox,7.5,No historical price around 3am for one or both Over/Under tokens.,mlb-tb-cws-2026-04-15,mlb-tb-cws-2026-04-15-total-7pt5
2026-04-15,824615,1,Tampa Bay Rays @ Chicago White Sox,8.5,No historical price around 3am for one or both Over/Under tokens.,mlb-tb-cws-2026-04-15,mlb-tb-cws-2026-04-15-total-8pt5
2026-04-15,825021,1,Texas Rangers @ Athletics,,No eligible 7.5/8.5/9.5 totals market existed by 3am ET.,mlb-tex-oak-2026-04-15,
2026-04-15,823803,1,Toronto Blue Jays @ Milwaukee Brewers,7.5,No historical price around 3am for one or both Over/Under tokens.,mlb-tor-mil-2026-04-15,mlb-tor-mil-2026-04-15-total-7pt5
2026-04-15,823399,1,Washington Nationals @ Pittsburgh Pirates,8.5,No historical price around 3am for one or both Over/Under tokens.,mlb-wsh-pit-2026-04-15,mlb-wsh-pit-2026-04-15-total-8pt5
2026-04-15,823399,1,Washington Nationals @ Pittsburgh Pirates,9.5,No historical price around 3am for one or both Over/Under tokens.,mlb-wsh-pit-2026-04-15,mlb-wsh-pit-2026-04-15-total-9pt5
2026-04-16,824208,1,Colorado Rockies @ Houston Astros,,No eligible 7.5/8.5/9.5 totals market existed by 3am ET.,mlb-col-hou-2026-04-16,
2026-04-16,823313,1,Seattle Mariners @ San Diego Padres,,No eligible 7.5/8.5/9.5 totals market existed by 3am ET.,mlb-sea-sd-2026-04-16,
2026-04-17,824373,1,Los Angeles Dodgers @ Colorado Rockies,,No eligible 7.5/8.5/9.5 totals market existed by 3am ET.,mlb-lad-col-2026-04-17,
2026-04-17,824048,1,San Diego Padres @ Los Angeles Angels,,No eligible 7.5/8.5/9.5 totals market existed by 3am ET.,mlb-sd-laa-2026-04-17,
2026-04-17,824207,1,St. Louis Cardinals @ Houston Astros,,No eligible 7.5/8.5/9.5 totals market existed by 3am ET.,mlb-stl-hou-2026-04-17,
2026-04-17,823152,1,Texas Rangers @ Seattle Mariners,,No eligible 7.5/8.5/9.5 totals market existed by 3am ET.,mlb-tex-sea-2026-04-17,
2026-04-18,824372,1,Los Angeles Dodgers @ Colorado Rockies,,No eligible 7.5/8.5/9.5 totals market existed by 3am ET.,mlb-lad-col-2026-04-18,
2026-04-18,824049,1,San Diego Padres @ Los Angeles Angels,,No eligible 7.5/8.5/9.5 totals market existed by 3am ET.,mlb-sd-laa-2026-04-18,
2026-04-18,825098,1,Toronto Blue Jays @ Arizona Diamondbacks,,No eligible 7.5/8.5/9.5 totals market existed by 3am ET.,mlb-tor-ari-2026-04-18,
2026-04-19,824371,1,Los Angeles Dodgers @ Colorado Rockies,,No eligible 7.5/8.5/9.5 totals market existed by 3am ET.,mlb-lad-col-2026-04-19,
2026-04-20,823149,1,Athletics @ Seattle Mariners,,No eligible 7.5/8.5/9.5 totals market existed by 3am ET.,mlb-oak-sea-2026-04-20,
2026-04-20,824370,1,Los Angeles Dodgers @ Colorado Rockies,,No eligible 7.5/8.5/9.5 totals market existed by 3am ET.,mlb-lad-col-2026-04-20,
2026-04-20,824046,1,Toronto Blue Jays @ Los Angeles Angels,,No eligible 7.5/8.5/9.5 totals market existed by 3am ET.,mlb-tor-laa-2026-04-20,
2026-04-21,823148,1,Athletics @ Seattle Mariners,,No eligible 7.5/8.5/9.5 totals market existed by 3am ET.,mlb-oak-sea-2026-04-21,
2026-04-21,825099,1,Chicago White Sox @ Arizona Diamondbacks,,No eligible 7.5/8.5/9.5 totals market existed by 3am ET.,mlb-cws-ari-2026-04-21,
2026-04-21,823236,1,Los Angeles Dodgers @ San Francisco Giants,,No eligible 7.5/8.5/9.5 totals market existed by 3am ET.,mlb-lad-sf-2026-04-21,
2026-04-21,822914,1,Pittsburgh Pirates @ Texas Rangers,,No eligible 7.5/8.5/9.5 totals market existed by 3am ET.,mlb-pit-tex-2026-04-21,
2026-04-21,824369,1,San Diego Padres @ Colorado Rockies,,No eligible 7.5/8.5/9.5 totals market existed by 3am ET.,mlb-sd-col-2026-04-21,
2026-04-21,824045,1,Toronto Blue Jays @ Los Angeles Angels,,No eligible 7.5/8.5/9.5 totals market existed by 3am ET.,mlb-tor-laa-2026-04-21,
2026-04-22,822913,1,Pittsburgh Pirates @ Texas Rangers,,No eligible 7.5/8.5/9.5 totals market existed by 3am ET.,mlb-pit-tex-2026-04-22,
2026-04-22,824367,1,San Diego Padres @ Colorado Rockies,,No eligible 7.5/8.5/9.5 totals market existed by 3am ET.,mlb-sd-col-2026-04-22,
2026-04-23,822912,1,Pittsburgh Pirates @ Texas Rangers,,No eligible 7.5/8.5/9.5 totals market existed by 3am ET.,mlb-pit-tex-2026-04-23,
2026-04-23,824368,1,San Diego Padres @ Colorado Rockies,,No eligible 7.5/8.5/9.5 totals market existed by 3am ET.,mlb-sd-col-2026-04-23,
2026-04-24,822909,1,Athletics @ Texas Rangers,,No eligible 7.5/8.5/9.5 totals market existed by 3am ET.,mlb-oak-tex-2026-04-24,
2026-04-24,823962,1,Chicago Cubs @ Los Angeles Dodgers,,No eligible 7.5/8.5/9.5 totals market existed by 3am ET.,mlb-chc-lad-2026-04-24,
2026-04-24,823232,1,Miami Marlins @ San Francisco Giants,,No eligible 7.5/8.5/9.5 totals market existed by 3am ET.,mlb-mia-sf-2026-04-24,
2026-04-24,824204,1,New York Yankees @ Houston Astros,,No eligible 7.5/8.5/9.5 totals market existed by 3am ET.,mlb-nyy-hou-2026-04-24,
2026-04-24,823069,1,Seattle Mariners @ St. Louis Cardinals,,No eligible 7.5/8.5/9.5 totals market existed by 3am ET.,mlb-sea-stl-2026-04-24,
2026-04-25,825093,1,San Diego Padres @ Arizona Diamondbacks,,No eligible 7.5/8.5/9.5 totals market existed by 3am ET.,mlb-sd-ari-2026-04-25,
2026-04-26,825094,1,San Diego Padres @ Arizona Diamondbacks,,No eligible 7.5/8.5/9.5 totals market existed by 3am ET.,mlb-sd-ari-2026-04-26,
2026-04-27,823311,1,Chicago Cubs @ San Diego Padres,,No eligible 7.5/8.5/9.5 totals market existed by 3am ET.,mlb-chc-sd-2026-04-27,
2026-04-27,823961,1,Miami Marlins @ Los Angeles Dodgers,,No eligible 7.5/8.5/9.5 totals market existed by 3am ET.,mlb-mia-lad-2026-04-27,
2026-04-27,822906,1,New York Yankees @ Texas Rangers,,No eligible 7.5/8.5/9.5 totals market existed by 3am ET.,mlb-nyy-tex-2026-04-27,
2026-04-28,823310,1,Chicago Cubs @ San Diego Padres,,No eligible 7.5/8.5/9.5 totals market existed by 3am ET.,mlb-chc-sd-2026-04-28,
2026-04-28,825017,1,Kansas City Royals @ Athletics,,No eligible 7.5/8.5/9.5 totals market existed by 3am ET.,mlb-kc-oak-2026-04-28,
2026-04-28,823956,1,Miami Marlins @ Los Angeles Dodgers,,No eligible 7.5/8.5/9.5 totals market existed by 3am ET.,mlb-mia-lad-2026-04-28,
2026-04-28,822908,1,New York Yankees @ Texas Rangers,,No eligible 7.5/8.5/9.5 totals market existed by 3am ET.,mlb-nyy-tex-2026-04-28,
2026-04-29,825015,1,Kansas City Royals @ Athletics,,No eligible 7.5/8.5/9.5 totals market existed by 3am ET.,mlb-kc-oak-2026-04-29,
2026-04-29,824445,1,Tampa Bay Rays @ Cleveland Guardians,,No eligible 7.5/8.5/9.5 totals market existed by 3am ET.,mlb-tb-cle-2026-04-29,
2026-05-01,824366,1,Atlanta Braves @ Colorado Rockies,,No eligible 7.5/8.5/9.5 totals market existed by 3am ET.,mlb-atl-col-2026-05-01,
2026-05-01,823309,1,Chicago White Sox @ San Diego Padres,,No eligible 7.5/8.5/9.5 totals market existed by 3am ET.,mlb-cws-sd-2026-05-01,
2026-05-01,825012,1,Cleveland Guardians @ Athletics,,No eligible 7.5/8.5/9.5 totals market existed by 3am ET.,mlb-cle-oak-2026-05-01,
2026-05-01,823146,1,Kansas City Royals @ Seattle Mariners,,No eligible 7.5/8.5/9.5 totals market existed by 3am ET.,mlb-kc-sea-2026-05-01,
2026-05-01,823066,1,Los Angeles Dodgers @ St. Louis Cardinals,,No eligible 7.5/8.5/9.5 totals market existed by 3am ET.,mlb-lad-stl-2026-05-01,
2026-05-01,824041,1,New York Mets @ Los Angeles Angels,,No eligible 7.5/8.5/9.5 totals market existed by 3am ET.,mlb-nym-laa-2026-05-01,
2026-05-01,823713,1,Toronto Blue Jays @ Minnesota Twins,,No eligible 7.5/8.5/9.5 totals market existed by 3am ET.,mlb-tor-min-2026-05-01,
2026-05-02,824365,1,Atlanta Braves @ Colorado Rockies,,No eligible 7.5/8.5/9.5 totals market existed by 3am ET.,mlb-atl-col-2026-05-02,
2026-05-02,823308,1,Chicago White Sox @ San Diego Padres,,No eligible 7.5/8.5/9.5 totals market existed by 3am ET.,mlb-cws-sd-2026-05-02,
2026-05-02,825014,1,Cleveland Guardians @ Athletics,,No eligible 7.5/8.5/9.5 totals market existed by 3am ET.,mlb-cle-oak-2026-05-02,
2026-05-02,823144,1,Kansas City Royals @ Seattle Mariners,,No eligible 7.5/8.5/9.5 totals market existed by 3am ET.,mlb-kc-sea-2026-05-02,
2026-05-02,824042,1,New York Mets @ Los Angeles Angels,,No eligible 7.5/8.5/9.5 totals market existed by 3am ET.,mlb-nym-laa-2026-05-02,
2026-05-03,824687,1,Arizona Diamondbacks @ Chicago Cubs,,No eligible 7.5/8.5/9.5 totals market existed by 3am ET.,mlb-ari-chc-2026-05-03,
2026-05-03,824364,1,Atlanta Braves @ Colorado Rockies,,No eligible 7.5/8.5/9.5 totals market existed by 3am ET.,mlb-atl-col-2026-05-03,
2026-05-04,823143,1,Atlanta Braves @ Seattle Mariners,,No eligible 7.5/8.5/9.5 totals market existed by 3am ET.,mlb-atl-sea-2026-05-04,
2026-05-04,824039,1,Chicago White Sox @ Los Angeles Angels,,No eligible 7.5/8.5/9.5 totals market existed by 3am ET.,mlb-cws-laa-2026-05-04,
2026-05-04,824684,1,Cincinnati Reds @ Chicago Cubs,,No eligible 7.5/8.5/9.5 totals market existed by 3am ET.,mlb-cin-chc-2026-05-04,
2026-05-04,824201,1,Los Angeles Dodgers @ Houston Astros,,No eligible 7.5/8.5/9.5 totals market existed by 3am ET.,mlb-lad-hou-2026-05-04,
2026-05-04,824363,1,New York Mets @ Colorado Rockies,,No eligible 7.5/8.5/9.5 totals market existed by 3am ET.,mlb-nym-col-2026-05-04,
2026-05-04,823228,1,San Diego Padres @ San Francisco Giants,,No eligible 7.5/8.5/9.5 totals market existed by 3am ET.,mlb-sd-sf-2026-05-04,
2026-05-05,823142,1,Atlanta Braves @ Seattle Mariners,,No eligible 7.5/8.5/9.5 totals market existed by 3am ET.,mlb-atl-sea-2026-05-05,
2026-05-05,824040,1,Chicago White Sox @ Los Angeles Angels,,No eligible 7.5/8.5/9.5 totals market existed by 3am ET.,mlb-cws-laa-2026-05-05,
2026-05-05,824200,1,Los Angeles Dodgers @ Houston Astros,,No eligible 7.5/8.5/9.5 totals market existed by 3am ET.,mlb-lad-hou-2026-05-05,
2026-05-05,825092,1,Pittsburgh Pirates @ Arizona Diamondbacks,,No eligible 7.5/8.5/9.5 totals market existed by 3am ET.,mlb-pit-ari-2026-05-05,
2026-05-05,823227,1,San Diego Padres @ San Francisco Giants,,No eligible 7.5/8.5/9.5 totals market existed by 3am ET.,mlb-sd-sf-2026-05-05,
2026-05-06,825091,1,Pittsburgh Pirates @ Arizona Diamondbacks,,No eligible 7.5/8.5/9.5 totals market existed by 3am ET.,mlb-pit-ari-2026-05-06,
2026-05-07,824362,1,New York Mets @ Colorado Rockies,,No matching Polymarket MLB event found.,,
2026-05-07,823306,1,St. Louis Cardinals @ San Diego Padres,,No eligible 7.5/8.5/9.5 totals market existed by 3am ET.,mlb-stl-sd-2026-05-07,
2026-05-08,823957,1,Atlanta Braves @ Los Angeles Dodgers,,No eligible 7.5/8.5/9.5 totals market existed by 3am ET.,mlb-atl-lad-2026-05-08,
2026-05-08,822904,1,Chicago Cubs @ Texas Rangers,,No eligible 7.5/8.5/9.5 totals market existed by 3am ET.,mlb-chc-tex-2026-05-08,
2026-05-08,825088,1,New York Mets @ Arizona Diamondbacks,,No eligible 7.5/8.5/9.5 totals market existed by 3am ET.,mlb-nym-ari-2026-05-08,
2026-05-08,823225,1,Pittsburgh Pirates @ San Francisco Giants,,No eligible 7.5/8.5/9.5 totals market existed by 3am ET.,mlb-pit-sf-2026-05-08,
2026-05-08,823303,1,St. Louis Cardinals @ San Diego Padres,,No eligible 7.5/8.5/9.5 totals market existed by 3am ET.,mlb-stl-sd-2026-05-08,
2026-05-09,823955,1,Atlanta Braves @ Los Angeles Dodgers,,No eligible 7.5/8.5/9.5 totals market existed by 3am ET.,mlb-atl-lad-2026-05-09,
2026-05-09,823224,1,Pittsburgh Pirates @ San Francisco Giants,,No eligible 7.5/8.5/9.5 totals market existed by 3am ET.,mlb-pit-sf-2026-05-09,
2026-05-11,822901,1,Arizona Diamondbacks @ Texas Rangers,,No eligible 7.5/8.5/9.5 totals market existed by 3am ET.,mlb-ari-tex-2026-05-11,
2026-05-11,823953,1,San Francisco Giants @ Los Angeles Dodgers,,No eligible 7.5/8.5/9.5 totals market existed by 3am ET.,mlb-sf-lad-2026-05-11,
2026-05-11,824199,1,Seattle Mariners @ Houston Astros,,No eligible 7.5/8.5/9.5 totals market existed by 3am ET.,mlb-sea-hou-2026-05-11,
2026-05-12,822903,1,Arizona Diamondbacks @ Texas Rangers,,No eligible 7.5/8.5/9.5 totals market existed by 3am ET.,mlb-ari-tex-2026-05-12,
2026-05-12,823951,1,San Francisco Giants @ Los Angeles Dodgers,,No eligible 7.5/8.5/9.5 totals market existed by 3am ET.,mlb-sf-lad-2026-05-12,
2026-05-12,824197,1,Seattle Mariners @ Houston Astros,,No eligible 7.5/8.5/9.5 totals market existed by 3am ET.,mlb-sea-hou-2026-05-12,
2026-05-12,825011,1,St. Louis Cardinals @ Athletics,,No eligible 7.5/8.5/9.5 totals market existed by 3am ET.,mlb-stl-oak-2026-05-12,
2026-05-14,823950,1,San Francisco Giants @ Los Angeles Dodgers,,No eligible 7.5/8.5/9.5 totals market existed by 3am ET.,mlb-sf-lad-2026-05-14,
2026-05-15,824360,1,Arizona Diamondbacks @ Colorado Rockies,,No eligible 7.5/8.5/9.5 totals market existed by 3am ET.,mlb-ari-col-2026-05-15,
2026-05-15,823061,1,Kansas City Royals @ St. Louis Cardinals,,No eligible 7.5/8.5/9.5 totals market existed by 3am ET.,mlb-kc-stl-2026-05-15,
2026-05-15,824037,1,Los Angeles Dodgers @ Los Angeles Angels,,No eligible 7.5/8.5/9.5 totals market existed by 3am ET.,mlb-lad-laa-2026-05-15,
2026-05-15,823707,1,Milwaukee Brewers @ Minnesota Twins,,No eligible 7.5/8.5/9.5 totals market existed by 3am ET.,mlb-mil-min-2026-05-15,
2026-05-15,823140,1,San Diego Padres @ Seattle Mariners,,No eligible 7.5/8.5/9.5 totals market existed by 3am ET.,mlb-sd-sea-2026-05-15,
2026-05-15,825009,1,San Francisco Giants @ Athletics,,No eligible 7.5/8.5/9.5 totals market existed by 3am ET.,mlb-sf-oak-2026-05-15,
2026-05-15,824194,1,Texas Rangers @ Houston Astros,,No eligible 7.5/8.5/9.5 totals market existed by 3am ET.,mlb-tex-hou-2026-05-15,
2026-05-16,824038,1,Los Angeles Dodgers @ Los Angeles Angels,,No eligible 7.5/8.5/9.5 totals market existed by 3am ET.,mlb-lad-laa-2026-05-16,
2026-05-16,825007,1,San Francisco Giants @ Athletics,,No eligible 7.5/8.5/9.5 totals market existed by 3am ET.,mlb-sf-oak-2026-05-16,
2026-05-18,824035,1,Athletics @ Los Angeles Angels,,No eligible 7.5/8.5/9.5 totals market existed by 3am ET.,mlb-oak-laa-2026-05-18,
2026-05-18,823137,1,Chicago White Sox @ Seattle Mariners,,No eligible 7.5/8.5/9.5 totals market existed by 3am ET.,mlb-cws-sea-2026-05-18,
2026-05-18,823301,1,Los Angeles Dodgers @ San Diego Padres,,No eligible 7.5/8.5/9.5 totals market existed by 3am ET.,mlb-lad-sd-2026-05-18,
2026-05-18,825087,1,San Francisco Giants @ Arizona Diamondbacks,,No eligible 7.5/8.5/9.5 totals market existed by 3am ET.,mlb-sf-ari-2026-05-18,
2026-05-18,824357,1,Texas Rangers @ Colorado Rockies,,No eligible 7.5/8.5/9.5 totals market existed by 3am ET.,mlb-tex-col-2026-05-18,
2026-05-19,824033,1,Athletics @ Los Angeles Angels,,No eligible 7.5/8.5/9.5 totals market existed by 3am ET.,mlb-oak-laa-2026-05-19,
2026-05-19,823136,1,Chicago White Sox @ Seattle Mariners,,No eligible 7.5/8.5/9.5 totals market existed by 3am ET.,mlb-cws-sea-2026-05-19,
2026-05-19,823302,1,Los Angeles Dodgers @ San Diego Padres,,No eligible 7.5/8.5/9.5 totals market existed by 3am ET.,mlb-lad-sd-2026-05-19,
2026-05-19,825086,1,San Francisco Giants @ Arizona Diamondbacks,,No eligible 7.5/8.5/9.5 totals market existed by 3am ET.,mlb-sf-ari-2026-05-19,
2026-05-19,824356,1,Texas Rangers @ Colorado Rockies,,No eligible 7.5/8.5/9.5 totals market existed by 3am ET.,mlb-tex-col-2026-05-19,
2026-05-20,824032,1,Athletics @ Los Angeles Angels,,No eligible 7.5/8.5/9.5 totals market existed by 3am ET.,mlb-oak-laa-2026-05-20,
2026-05-20,823299,1,Los Angeles Dodgers @ San Diego Padres,,No eligible 7.5/8.5/9.5 totals market existed by 3am ET.,mlb-lad-sd-2026-05-20,
2026-05-21,824031,1,Athletics @ Los Angeles Angels,,No eligible 7.5/8.5/9.5 totals market existed by 3am ET.,mlb-oak-laa-2026-05-21,
2026-05-21,825083,1,Colorado Rockies @ Arizona Diamondbacks,,No eligible 7.5/8.5/9.5 totals market existed by 3am ET.,mlb-col-ari-2026-05-21,
2026-05-22,823298,1,Athletics @ San Diego Padres,,No eligible 7.5/8.5/9.5 totals market existed by 3am ET.,mlb-oak-sd-2026-05-22,
2026-05-22,823223,1,Chicago White Sox @ San Francisco Giants,,No eligible 7.5/8.5/9.5 totals market existed by 3am ET.,mlb-cws-sf-2026-05-22,
2026-05-22,825082,1,Colorado Rockies @ Arizona Diamondbacks,,No eligible 7.5/8.5/9.5 totals market existed by 3am ET.,mlb-col-ari-2026-05-22,
2026-05-22,824029,1,Texas Rangers @ Los Angeles Angels,,No eligible 7.5/8.5/9.5 totals market existed by 3am ET.,mlb-tex-laa-2026-05-22,
2026-05-23,823300,1,Athletics @ San Diego Padres,,No eligible 7.5/8.5/9.5 totals market existed by 3am ET.,mlb-oak-sd-2026-05-23,
2026-05-23,825080,1,Colorado Rockies @ Arizona Diamondbacks,,No eligible 7.5/8.5/9.5 totals market existed by 3am ET.,mlb-col-ari-2026-05-23,
2026-05-23,824030,1,Texas Rangers @ Los Angeles Angels,,No eligible 7.5/8.5/9.5 totals market existed by 3am ET.,mlb-tex-laa-2026-05-23,
2026-05-25,823948,1,Colorado Rockies @ Los Angeles Dodgers,,No eligible 7.5/8.5/9.5 totals market existed by 3am ET.,mlb-col-lad-2026-05-25,
2026-05-25,825005,1,Seattle Mariners @ Athletics,,No eligible 7.5/8.5/9.5 totals market existed by 3am ET.,mlb-sea-oak-2026-05-25,
2026-05-26,823216,1,Arizona Diamondbacks @ San Francisco Giants,,No eligible 7.5/8.5/9.5 totals market existed by 3am ET.,mlb-ari-sf-2026-05-26,
2026-05-26,823949,1,Colorado Rockies @ Los Angeles Dodgers,,No eligible 7.5/8.5/9.5 totals market existed by 3am ET.,mlb-col-lad-2026-05-26,
2026-05-26,822898,1,Houston Astros @ Texas Rangers,,No eligible 7.5/8.5/9.5 totals market existed by 3am ET.,mlb-hou-tex-2026-05-26,
2026-05-26,823294,1,Philadelphia Phillies @ San Diego Padres,,No eligible 7.5/8.5/9.5 totals market existed by 3am ET.,mlb-phi-sd-2026-05-26,
2026-05-26,825004,1,Seattle Mariners @ Athletics,,No eligible 7.5/8.5/9.5 totals market existed by 3am ET.,mlb-sea-oak-2026-05-26,
2026-05-27,823947,1,Colorado Rockies @ Los Angeles Dodgers,,No eligible 7.5/8.5/9.5 totals market existed by 3am ET.,mlb-col-lad-2026-05-27,
2026-05-27,822897,1,Houston Astros @ Texas Rangers,,No eligible 7.5/8.5/9.5 totals market existed by 3am ET.,mlb-hou-tex-2026-05-27,
2026-05-28,822896,1,Houston Astros @ Texas Rangers,,No eligible 7.5/8.5/9.5 totals market existed by 3am ET.,mlb-hou-tex-2026-05-28,
2026-05-29,823135,1,Arizona Diamondbacks @ Seattle Mariners,,No eligible 7.5/8.5/9.5 totals market existed by 3am ET.,mlb-ari-sea-2026-05-29,
2026-05-29,822894,1,Kansas City Royals @ Texas Rangers,,No eligible 7.5/8.5/9.5 totals market existed by 3am ET.,mlb-kc-tex-2026-05-29,
2026-05-29,824191,1,Milwaukee Brewers @ Houston Astros,,No eligible 7.5/8.5/9.5 totals market existed by 3am ET.,mlb-mil-hou-2026-05-29,
2026-05-29,825002,1,New York Yankees @ Athletics,,No eligible 7.5/8.5/9.5 totals market existed by 3am ET.,mlb-nyy-oak-2026-05-29,
2026-05-29,823946,1,Philadelphia Phillies @ Los Angeles Dodgers,,No eligible 7.5/8.5/9.5 totals market existed by 3am ET.,mlb-phi-lad-2026-05-29,
2026-05-29,824353,1,San Francisco Giants @ Colorado Rockies,,No eligible 7.5/8.5/9.5 totals market existed by 3am ET.,mlb-sf-col-2026-05-29,
2026-05-30,823132,1,Arizona Diamondbacks @ Seattle Mariners,,No eligible 7.5/8.5/9.5 totals market existed by 3am ET.,mlb-ari-sea-2026-05-30,
2026-05-30,825000,1,New York Yankees @ Athletics,,No eligible 7.5/8.5/9.5 totals market existed by 3am ET.,mlb-nyy-oak-2026-05-30,
2026-05-30,823945,1,Philadelphia Phillies @ Los Angeles Dodgers,,No eligible 7.5/8.5/9.5 totals market existed by 3am ET.,mlb-phi-lad-2026-05-30,
2026-05-30,824352,1,San Francisco Giants @ Colorado Rockies,,No eligible 7.5/8.5/9.5 totals market existed by 3am ET.,mlb-sf-col-2026-05-30,
2026-06-01,824027,1,Colorado Rockies @ Los Angeles Angels,,No eligible 7.5/8.5/9.5 totals market existed by 3am ET.,mlb-col-laa-2026-06-01,
2026-06-01,825078,1,Los Angeles Dodgers @ Arizona Diamondbacks,,No eligible 7.5/8.5/9.5 totals market existed by 3am ET.,mlb-lad-ari-2026-06-01,
2026-06-01,823131,1,New York Mets @ Seattle Mariners,,No eligible 7.5/8.5/9.5 totals market existed by 3am ET.,mlb-nym-sea-2026-06-01,
2026-06-02,824675,1,Athletics @ Chicago Cubs,,No eligible 7.5/8.5/9.5 totals market existed by 3am ET.,mlb-oak-chc-2026-06-02,
2026-06-02,824026,1,Colorado Rockies @ Los Angeles Angels,,No eligible 7.5/8.5/9.5 totals market existed by 3am ET.,mlb-col-laa-2026-06-02,
2026-06-02,825079,1,Los Angeles Dodgers @ Arizona Diamondbacks,,No eligible 7.5/8.5/9.5 totals market existed by 3am ET.,mlb-lad-ari-2026-06-02,
2026-06-02,823129,1,New York Mets @ Seattle Mariners,,No eligible 7.5/8.5/9.5 totals market existed by 3am ET.,mlb-nym-sea-2026-06-02,
2026-06-02,824189,1,Pittsburgh Pirates @ Houston Astros,,No eligible 7.5/8.5/9.5 totals market existed by 3am ET.,mlb-pit-hou-2026-06-02,
2026-06-03,824671,1,Athletics @ Chicago Cubs,,No eligible 7.5/8.5/9.5 totals market existed by 3am ET.,mlb-oak-chc-2026-06-03,
2026-06-03,824024,1,Colorado Rockies @ Los Angeles Angels,,No eligible 7.5/8.5/9.5 totals market existed by 3am ET.,mlb-col-laa-2026-06-03,
2026-06-03,825077,1,Los Angeles Dodgers @ Arizona Diamondbacks,,No eligible 7.5/8.5/9.5 totals market existed by 3am ET.,mlb-lad-ari-2026-06-03,
2026-06-03,824188,1,Pittsburgh Pirates @ Houston Astros,,No eligible 7.5/8.5/9.5 totals market existed by 3am ET.,mlb-pit-hou-2026-06-03,
2026-06-04,824672,1,Athletics @ Chicago Cubs,,No eligible 7.5/8.5/9.5 totals market existed by 3am ET.,mlb-oak-chc-2026-06-04,
2026-06-04,825076,1,Los Angeles Dodgers @ Arizona Diamondbacks,,No eligible 7.5/8.5/9.5 totals market existed by 3am ET.,mlb-lad-ari-2026-06-04,
2026-06-04,824185,1,Pittsburgh Pirates @ Houston Astros,,No eligible 7.5/8.5/9.5 totals market existed by 3am ET.,mlb-pit-hou-2026-06-04,
2026-06-05,824186,1,Athletics @ Houston Astros,,No eligible 7.5/8.5/9.5 totals market existed by 3am ET.,mlb-oak-hou-2026-06-05,
2026-06-05,823049,1,Cincinnati Reds @ St. Louis Cardinals,,No eligible 7.5/8.5/9.5 totals market existed by 3am ET.,mlb-cin-stl-2026-06-05,
2026-06-05,822892,1,Cleveland Guardians @ Texas Rangers,,No eligible 7.5/8.5/9.5 totals market existed by 3am ET.,mlb-cle-tex-2026-06-05,
2026-06-05,823699,1,Kansas City Royals @ Minnesota Twins,,No eligible 7.5/8.5/9.5 totals market existed by 3am ET.,mlb-kc-min-2026-06-05,
2026-06-05,823943,1,Los Angeles Angels @ Los Angeles Dodgers,,No eligible 7.5/8.5/9.5 totals market existed by 3am ET.,mlb-laa-lad-2026-06-05,
2026-06-05,824350,1,Milwaukee Brewers @ Colorado Rockies,,No eligible 7.5/8.5/9.5 totals market existed by 3am ET.,mlb-mil-col-2026-06-05,
2026-06-05,823293,1,New York Mets @ San Diego Padres,,No eligible 7.5/8.5/9.5 totals market existed by 3am ET.,mlb-nym-sd-2026-06-05,
2026-06-05,825073,1,Washington Nationals @ Arizona Diamondbacks,,No eligible 7.5/8.5/9.5 totals market existed by 3am ET.,mlb-wsh-ari-2026-06-05,
